club_id,tier
10000,5
10001,5
10002,5
10003,5
10007,5
10008,5
1001,3
10010,5
10012,5
10013,4
10014,5
10015,5
10016,5
10017,5
10018,5
1002,3
1003,5
10038,5
1004,3
1005,3
10052,5
10059,5
10061,5
1007,3
10075,5
10076,5
10077,5
10078,5
10085,5
10086,5
10088,5
1009,3
10091,5
10094,5
101,3
1010,3
10106,5
10107,5
10108,5
1011,3
10111,5
10112,5
10114,5
1012,4
10121,5
10124,4
10125,5
1013,4
10134,5
10137,3
10138,5
10139,5
1014,4
10140,5
10141,5
1015,4
10154,5
10155,4
10157,5
10158,5
1016,3
10160,5
10162,5
10166,5
10169,4
1017,3
1018,3
1019,4
10197,5
10199,5
102,4
10202,5
10203,5
10204,5
10205,5
10207,5
10208,5
1021,4
10211,5
10215,5
10216,5
10217,5
10221,5
1023,3
10238,5
10244,4
1025,3
1026,3
1027,4
1028,4
10280,5
10282,5
10283,5
103,4
1030,4
1031,4
1032,4
10320,5
1036,3
10368,5
1037,4
1038,5
1039,4
10399,5
104,4
1040,4
10406,5
10407,5
10408,5
10409,5
1041,4
10414,5
1044,4
1045,5
1046,4
1047,5
10472,5
10474,5
10476,5
10478,5
1048,4
10487,5
10491,5
10492,4
10494,5
105,4
1050,5
10508,5
10509,4
1051,5
10511,4
1052,5
1053,5
10533,4
10534,4
10535,4
10536,5
10537,5
10538,5
1054,5
10540,5
10542,4
10543,5
10544,5
10545,5
10546,5
10548,5
10549,5
1055,5
10550,5
10552,5
10555,5
10561,5
10562,5
10563,4
10566,5
10567,4
10569,4
1058,5
10582,5
10586,5
10587,5
10588,5
10589,5
1059,5
10592,5
10598,5
106,1
10604,5
10605,5
10606,5
10609,5
10611,5
10612,5
10614,5
10615,5
10616,5
10617,5
1062,3
10620,5
10624,5
10625,4
10626,5
10627,5
10628,5
1063,2
10633,5
10634,5
1064,4
1065,3
10659,5
1066,4
10661,5
10667,5
10669,5
1067,4
10670,5
10673,5
10675,5
10677,5
10679,5
1068,3
10684,5
1069,5
10690,5
107,4
1070,5
10704,5
1071,4
10712,5
10713,5
10715,5
1072,3
10720,5
10726,5
1074,5
10743,4
1075,4
10752,4
1076,5
1077,3
1078,4
10780,5
1079,3
10792,4
10799,5
108,2
1080,3
1083,3
1084,3
1085,3
10855,5
10859,5
10861,5
10862,4
1087,4
10872,5
10873,5
10874,4
1088,2
10881,5
1089,4
109,5
10972,5
110,3
11063,5
11064,5
11065,5
11066,5
11067,5
11069,5
11070,5
11071,5
11072,5
11073,5
11074,5
11087,5
11092,5
11095,5
111,2
11109,5
11110,5
11111,5
11112,5
11113,5
11114,5
11115,5
11117,5
11118,5
11120,5
11125,5
11127,5
11132,5
11134,5
11156,5
11174,5
112,2
1120,4
11200,5
1121,3
1122,4
1123,3
11238,4
11239,5
1124,4
1125,3
1126,4
1127,4
11271,5
1128,4
1129,4
1130,4
1131,4
1132,4
1133,4
1134,4
1135,4
11354,5
1136,4
1137,3
1138,3
11380,5
1139,3
114,3
1140,4
1141,4
1142,3
1143,5
1144,4
1145,5
1147,4
1148,4
1149,4
115,4
1150,4
1151,4
1152,4
1153,4
1154,4
1155,4
1156,4
11566,5
1157,4
1158,4
1159,4
116,1
1162,4
1163,4
1164,4
1165,4
11659,5
1166,5
11663,5
11664,5
1167,5
11671,5
11674,5
1168,5
11682,5
1169,5
1171,5
1174,5
1175,4
1176,4
11760,5
1177,5
1179,4
118,3
1181,5
1182,4
1183,5
1185,5
11851,5
11853,5
1186,5
11861,5
1187,5
11879,5
1188,5
1189,5
119,2
1190,5
11906,5
11907,5
1191,5
1193,3
1194,5
1195,5
1197,5
1198,4
1199,5
120,3
1201,5
1202,5
1203,5
1205,5
1208,5
121,2
1211,4
1214,5
12177,5
12178,5
12179,5
1218,5
12180,5
12181,5
12183,5
12184,5
12185,5
12186,5
12189,5
12190,5
12191,5
12195,5
12197,5
12202,5
1221,5
1222,5
1223,4
12234,5
12235,5
12236,5
1224,5
12240,5
12244,5
12248,5
12249,5
12251,5
12253,5
12255,5
12259,5
1226,5
12260,4
12261,5
12264,5
12265,5
12266,5
12268,5
12269,5
12272,5
12277,5
12279,5
12282,5
12290,5
12295,5
12297,5
12299,5
123,3
1230,5
12300,5
12311,5
12312,4
12316,4
12319,4
12323,5
12329,4
12335,5
12338,4
1234,5
12343,5
1235,5
1236,5
12360,4
1237,5
12372,4
1238,5
1239,5
124,3
1241,5
12418,5
1242,5
12422,5
12423,5
12424,5
12425,5
12426,5
12427,5
12428,5
12429,5
12430,5
12431,5
12433,5
12436,5
1244,5
12440,5
12449,5
1245,5
12450,5
12452,5
12454,5
12455,5
12457,5
12459,5
1246,5
12460,5
12461,5
12466,5
1247,5
1248,5
1249,4
125,4
1250,5
1251,5
1252,5
12523,5
12525,5
12526,5
12527,5
1253,5
12532,5
12547,5
1255,5
12550,5
12551,5
12552,5
12553,5
12554,5
12555,5
12556,5
12557,5
12559,5
12560,5
12561,5
12562,5
12563,5
12564,5
12565,5
12566,5
1257,5
1258,5
12585,5
126,3
12606,5
1261,5
12620,5
12622,5
1263,5
1264,5
1266,5
12663,5
12664,5
12668,5
12669,5
12670,5
12677,5
12680,5
12681,5
12692,5
12697,5
12699,5
127,2
12700,5
12702,5
12707,5
12708,5
12709,5
1271,5
12711,5
12716,5
12717,5
1272,5
1273,5
12733,4
12735,5
12737,5
1274,5
12742,5
12744,5
12754,5
12756,5
12757,5
12758,5
1276,5
12761,5
12762,5
12764,5
12767,5
1277,5
12772,5
12777,5
1278,5
12780,5
12784,5
12786,5
12788,5
12793,5
12796,5
128,3
1280,5
12801,5
12804,5
12809,5
1281,5
12811,5
12815,5
12820,5
12822,5
12828,5
12829,5
12831,5
12832,5
12833,5
12834,5
12835,5
12837,5
12839,5
1284,5
12844,5
12846,5
12847,5
12849,5
12859,5
12864,5
12867,4
12868,5
12869,5
12874,5
12876,5
12878,5
1288,5
12880,5
12887,5
12888,5
12890,5
12891,5
12893,5
12897,5
129,3
1290,5
12900,5
12901,5
12902,5
12903,5
12907,5
12908,5
1291,5
12911,5
12916,5
12918,5
1292,5
12925,5
1293,5
1294,5
12946,5
12948,5
1295,5
1296,5
1297,3
1298,4
1299,4
130,3
1300,4
1301,3
1302,4
1303,5
1304,4
1305,3
1307,5
1308,5
13080,5
13081,5
13084,5
1309,5
13095,5
13098,5
131,3
13103,5
13107,5
1311,5
13114,5
13115,5
13122,5
1313,4
13134,5
1314,4
13149,5
1315,5
13152,5
13154,5
13155,5
13156,5
13157,5
13158,5
13159,5
1316,5
13170,4
1318,5
1319,4
132,4
1320,4
1321,4
1322,5
13223,4
1323,5
1324,4
13240,5
1325,5
1326,5
13265,5
1327,5
13270,5
1328,5
1329,5
133,3
13309,5
1332,5
1333,5
1334,4
1335,4
1336,5
1337,4
1338,4
1339,5
134,3
1340,5
1341,5
1342,5
1343,5
1345,5
1346,3
13469,5
1347,5
13474,5
1348,5
1349,5
135,3
1350,4
1351,5
1352,5
1353,5
1354,5
1355,4
1356,4
1357,4
1358,4
13583,5
1359,3
13592,5
13594,5
136,3
1360,5
13601,5
1361,5
13612,5
13618,5
1362,4
13625,5
1363,5
13630,5
1364,4
1365,5
1366,5
1367,5
1368,4
1369,5
137,4
1370,5
13705,5
1371,5
1372,5
13722,5
13723,5
1373,4
1374,4
1375,5
13753,5
1376,5
1377,5
1378,5
1379,4
138,4
1380,5
1381,5
13819,4
1382,5
13822,5
1383,4
1384,5
13843,5
13847,5
13848,5
1385,4
13853,5
1386,3
13860,5
13861,5
13865,5
13868,5
1387,4
1388,4
13882,5
13885,5
1389,4
13891,5
13894,5
139,4
1390,5
1391,5
13924,5
1393,3
13932,5
13933,5
13937,5
13938,5
1394,3
13943,5
13946,5
13947,5
1395,4
1397,4
13970,5
13975,5
13976,4
13977,5
13978,5
1398,3
1399,4
140,3
1400,4
14000,5
14002,3
14007,5
14008,4
1401,4
1402,4
1404,4
14046,5
1405,3
14053,5
14054,5
14058,5
1406,5
14062,5
14063,5
14068,5
14069,5
1407,5
14074,5
14079,5
1408,5
14082,5
14083,5
14087,5
14088,5
14089,5
14094,5
14096,5
14098,5
141,5
1410,5
14100,5
14106,5
1411,5
14116,5
14120,5
14122,5
14124,5
14125,5
14126,4
14128,4
14146,4
14148,5
1416,4
1418,4
142,4
1420,5
1421,5
1422,5
14227,5
1423,5
14233,5
14235,5
1424,4
1426,4
14261,4
14267,5
1427,4
14272,5
14276,4
14278,4
14279,4
1428,4
14280,5
14281,4
14287,5
1430,4
1431,4
14340,5
14345,5
14366,5
14382,5
14384,5
1439,4
14393,5
14394,5
14395,4
144,4
14402,5
14433,5
14434,4
14437,4
14441,4
14445,5
1445,5
1448,5
14485,5
145,4
14500,5
14504,5
14507,5
14508,5
1452,5
14524,5
1453,5
14562,4
1458,5
14586,5
1459,4
146,4
1460,5
1461,4
1462,4
14621,5
14629,5
1463,5
14631,5
14635,5
1464,4
1465,4
14651,4
1466,5
1468,5
1469,5
147,4
1470,4
14709,5
1471,4
1472,5
14722,5
1475,3
14750,5
14762,5
14787,5
1479,4
148,5
1480,5
14806,4
14826,5
1483,3
1485,5
14860,5
14864,5
1487,4
149,4
14942,5
14956,5
150,4
15025,5
151,4
15101,5
15103,5
15104,5
15110,5
15114,5
15115,5
15126,5
15128,5
15130,3
15199,5
152,3
15207,5
15211,5
15222,5
15235,4
15259,5
15285,5
15293,5
15295,5
153,5
15301,5
15302,5
15315,5
15337,5
15339,5
15348,5
15358,5
15359,5
154,2
15505,5
15511,5
15516,4
15520,5
15521,5
15522,5
15537,4
15539,5
15541,5
15544,5
15546,5
15547,5
15549,5
15550,5
15558,5
15560,5
15561,5
15562,5
15563,5
15564,5
15570,4
15576,4
15585,5
15586,5
15596,5
15597,5
156,5
15602,5
15604,5
15611,5
15617,5
15619,5
15620,5
15622,5
15627,5
15628,5
15691,5
15697,5
157,1
15702,5
15708,5
15711,5
15714,5
15717,5
1572,4
1573,5
15731,5
15734,5
15736,4
1574,4
1575,4
1576,5
1577,3
15771,5
1578,3
1579,2
158,2
1580,5
15800,5
1581,3
1584,4
1587,5
15883,5
15886,5
159,3
15905,5
1591,5
15926,5
15935,5
15937,5
15938,5
15941,5
1595,3
1596,4
15960,5
1597,3
1598,3
1599,3
160,1
1600,3
1601,4
1602,3
1603,3
1604,3
1605,3
1606,3
1607,4
1608,3
1609,4
161,2
1610,3
1611,4
16118,5
1612,3
1613,3
16130,5
16131,5
16132,5
16133,5
16134,5
16135,5
16136,5
16137,5
16138,5
16139,5
1614,4
16141,5
16142,5
16143,5
16144,5
16145,5
1615,4
16151,5
1616,3
16165,5
16166,5
16167,5
16169,5
1617,3
16170,5
16172,5
16176,5
16177,5
16178,5
16179,5
1618,5
16181,5
16182,5
16185,5
16186,5
16187,5
1619,5
16191,5
16192,5
16193,5
162,2
1620,4
1621,5
16211,5
16218,5
1622,5
1623,5
16239,5
1624,5
16243,5
16249,5
1625,5
1626,5
1627,5
16272,5
16274,5
1628,5
1629,5
163,2
1630,5
16302,5
1631,5
1632,5
16337,5
1634,5
1635,5
1636,5
1638,5
16381,5
1639,4
164,1
16400,5
16401,5
16402,5
1641,5
16415,5
16416,5
16417,5
16418,5
16419,5
16420,5
16421,5
16422,5
16424,5
16425,5
16427,5
16429,5
1643,5
16431,4
16432,5
16436,4
1644,5
1646,5
16476,5
16489,4
1649,5
16493,5
16494,5
16498,5
165,1
1650,5
16501,5
16507,5
1651,5
16516,5
1652,4
16524,5
16526,5
16545,5
1655,5
1656,5
1658,5
16588,5
1659,5
166,3
1660,4
16601,5
16609,5
16611,5
16612,5
16617,5
16618,5
16619,5
1662,5
1663,5
16638,5
16656,5
16674,5
16696,5
167,2
16709,5
16718,5
16730,5
16740,5
16749,5
16775,5
16779,5
16791,5
16792,5
16793,5
16794,5
16798,5
16799,5
168,1
16801,5
16802,5
16804,5
16806,5
16807,5
16808,5
16809,5
16811,5
16812,5
16813,5
16814,5
16817,5
16821,5
16822,5
16826,5
16835,5
16845,5
16847,5
16854,5
16856,5
16858,5
16864,5
16866,5
1687,4
1689,5
169,1
1693,3
1696,5
16962,5
16963,5
16964,4
16999,5
170,2
17030,5
17035,5
1706,5
1707,5
1708,5
1709,5
171,3
1710,5
17115,5
1712,5
17129,5
17135,5
17147,5
17161,3
17162,3
17165,4
17167,5
17172,5
17197,5
172,2
17241,5
17259,4
17261,5
17263,5
17264,5
17265,4
17269,5
17271,5
17272,5
17273,5
17289,5
173,1
17306,4
17308,5
17356,5
17357,5
17360,5
17371,5
17377,5
17385,5
17391,5
17397,5
174,3
17415,5
17438,4
17442,5
17445,5
17446,5
17467,5
175,2
17558,5
17560,5
17589,5
176,2
17605,5
17626,5
17660,5
17663,5
17666,5
17682,5
17692,4
177,4
17710,5
17716,5
17720,5
17722,5
17725,5
17740,5
17745,5
17752,5
17760,5
17762,4
17764,5
17765,5
17766,5
17767,5
17775,5
17778,5
17782,5
178,3
17815,5
17824,5
17825,5
17862,5
179,3
17902,5
17910,5
17923,5
17924,5
17987,5
17991,4
17992,5
17993,5
180,2
18005,5
18009,5
18013,5
18016,4
18018,4
18019,5
18021,5
18031,5
18032,5
18034,5
18036,5
18051,5
181,3
18104,5
18106,5
18107,5
18108,5
18109,5
18110,5
18111,5
18113,5
18114,5
18115,5
18122,5
18159,4
18179,5
1818,5
18182,5
18183,5
18188,5
1819,5
182,1
1820,5
1821,5
1822,5
1823,5
1824,5
1825,5
1826,5
18265,5
1827,5
18274,5
18275,5
1828,5
18284,5
1829,5
18293,5
18295,5
18297,5
18298,5
18299,5
183,4
1830,5
18305,5
18306,5
18307,5
18308,5
1831,5
18310,3
18311,5
18314,5
18316,5
18317,5
1832,5
1834,5
1835,5
18357,5
18358,5
1836,5
18366,5
1837,4
18375,5
1838,5
1839,5
18395,5
184,4
1840,5
1841,5
18419,5
1842,5
1843,5
18433,5
1844,5
185,2
18518,5
18522,5
186,2
18657,5
187,5
18703,5
18704,5
18705,5
18706,5
18707,5
18708,5
18709,5
18710,5
18711,5
18712,5
18713,5
18714,5
18715,5
18716,5
18717,5
18723,4
18731,5
18732,5
18747,5
18750,5
18758,5
18762,4
18763,5
18764,5
18766,5
18776,5
18785,5
18787,5
188,4
18806,5
18807,5
18808,5
18834,5
18856,5
18857,5
18878,5
18882,5
189,4
18903,5
18905,5
18912,5
18973,5
190,4
19005,5
19021,5
19022,5
19024,4
19025,5
19034,5
19042,5
19048,5
191,3
19110,5
19159,5
19164,5
19195,5
19196,5
192,3
19228,5
1927,4
1928,5
1929,5
19299,5
193,3
19302,5
19303,5
19304,5
19319,5
1932,4
19331,5
1935,5
1936,4
1938,5
19398,5
194,2
19412,5
1942,5
19447,5
19448,5
19449,5
1945,4
19451,5
19452,5
19456,5
1946,5
19462,5
19465,5
1948,4
19483,5
19486,5
19489,5
1949,5
195,3
1951,5
1954,5
1956,5
1957,5
1959,5
196,3
1960,5
1962,4
1963,5
1965,4
1966,5
197,2
19737,5
19738,5
19739,5
19754,5
19763,5
19787,5
198,3
1980,4
1983,4
19833,5
19838,5
19844,5
1986,5
19865,5
199,4
19905,4
19907,5
19912,5
1992,4
19921,5
1993,3
1994,3
1995,4
1998,4
19994,5
19997,4
19998,5
19999,4
200,3
2000,4
2001,4
2002,5
20021,5
20022,5
20024,5
20029,5
20033,5
20034,4
20038,5
2004,5
2005,5
2006,3
20087,5
2009,5
201,2
2010,3
2011,3
2012,3
2014,5
2015,5
202,3
20246,5
20254,5
20278,5
20298,5
20299,4
203,3
2030,5
2032,5
2034,5
2035,5
20353,5
2036,5
20360,5
2037,5
20371,5
20372,5
2038,5
20386,5
2039,5
20392,5
204,4
2040,5
20403,5
20406,5
2043,5
2044,5
2045,5
20459,5
20461,5
20462,5
20463,5
20464,5
20468,5
20469,5
2047,5
20470,5
2048,5
205,3
2052,5
2054,5
2055,5
2056,5
2057,5
2058,5
20580,5
20597,5
206,3
2060,5
20601,5
20603,5
2061,4
2062,5
20627,5
2063,5
2064,5
20642,5
20643,5
20644,5
20645,5
20646,5
20649,5
2065,5
20650,5
20651,5
20652,5
20653,5
20654,5
20659,5
2066,5
20665,5
20668,5
20669,5
2067,5
20670,5
20672,5
2068,5
20683,4
2069,5
207,2
2070,4
2071,5
20711,5
2072,4
20723,5
20726,5
20729,5
2073,4
2074,5
2075,5
2076,5
2077,5
2078,5
20780,5
20781,5
20786,5
20787,4
20788,5
2079,5
208,3
2080,4
20800,5
20804,5
20808,5
20809,5
20811,5
2082,5
20831,5
2085,5
20873,5
20879,5
20880,5
20881,5
209,2
2091,5
2094,5
2095,4
2096,4
20960,4
20963,5
20974,5
20976,5
20977,5
20978,5
20979,5
20980,5
20981,5
20982,5
20983,5
20984,5
20985,5
2099,4
210,3
21003,5
21005,5
21011,4
21016,5
2102,5
21040,5
21043,5
21051,5
21052,5
21053,5
21055,5
2106,5
21082,5
211,2
2110,4
21103,4
21107,5
21114,5
21120,5
21123,5
21124,5
2113,5
21139,5
2114,5
21140,5
2115,5
2116,5
21165,5
21167,5
21168,5
2117,5
2118,5
21186,5
21187,5
21188,5
21189,5
21190,5
21191,5
21192,5
21193,5
21194,5
212,1
21203,4
2121,5
21219,5
2122,5
2123,5
21231,5
21232,5
2125,5
21262,5
21263,5
21265,5
21275,5
21277,5
213,4
2130,5
21304,5
21319,4
21328,5
2135,5
2138,5
2139,5
214,3
2140,5
2142,5
21421,5
21423,5
2143,4
21434,5
21435,5
2144,5
2145,5
2146,5
2147,5
2148,5
2149,4
215,3
2150,5
21508,5
2151,5
2152,5
2153,5
21534,5
21536,5
21537,5
21538,5
21539,5
2154,5
21540,5
2155,5
21575,5
21576,5
21577,5
2158,5
2159,4
21595,3
216,3
2161,5
21622,5
2163,4
2165,5
2166,5
2168,5
21688,5
2169,5
21690,5
217,2
2170,4
2171,5
2172,4
2173,5
21735,5
2174,4
2175,5
2176,5
2177,4
2179,4
218,3
2180,4
2182,4
2183,5
21836,5
2184,3
2185,5
21853,5
21858,5
2186,5
2187,5
21875,5
21877,5
21878,5
2188,5
21880,5
219,5
2190,5
2191,5
2194,5
21954,5
21956,5
21957,4
21965,5
21976,5
21987,5
2199,5
21991,5
2200,5
22000,5
22009,5
2201,5
22010,5
22017,5
2202,5
22030,5
22031,5
22033,5
22035,5
22036,5
22038,5
22039,5
2204,5
22040,5
22044,5
2205,5
2206,5
22067,5
2208,5
22084,4
22087,5
22088,5
22089,5
2209,5
22091,5
22099,5
2210,5
2213,5
22130,5
22135,5
22138,5
2214,5
22141,5
2215,5
22154,5
22157,5
2216,5
2217,5
22171,5
22176,5
22179,5
222,3
2220,5
2221,5
22213,5
22214,5
22218,5
2222,5
22220,5
22234,5
22235,4
2224,5
2225,5
22266,4
2227,5
22279,5
22280,5
22281,5
2229,5
223,3
2232,5
2233,5
2235,5
22351,5
22357,5
22358,5
22359,5
2236,5
2238,5
2239,5
224,2
2240,4
22409,5
2241,4
2242,3
2243,5
2244,5
22441,5
2246,3
22469,5
2247,3
22479,5
22489,5
2249,5
225,3
2250,4
2251,4
2253,4
2254,3
22544,5
2255,4
2256,5
22563,5
22564,5
2257,4
22577,5
2258,5
22583,5
22584,5
22585,5
22587,5
2259,4
22595,5
22596,5
22597,5
226,3
2260,5
22605,5
22606,5
2262,4
2264,5
2265,4
2266,5
2268,5
2269,4
22699,5
227,3
2270,4
22703,5
22704,5
22706,5
22707,5
22708,5
2271,4
22720,5
22727,5
2273,4
2274,5
2275,5
22754,5
2276,5
22763,5
2277,4
2278,3
22782,5
22783,5
22785,5
22788,5
22789,5
2279,2
228,1
2280,3
2281,3
22817,5
22819,5
2282,3
22820,5
22824,5
2283,3
2284,4
2285,4
22855,4
2286,3
2287,2
22874,5
2288,3
2289,3
2290,3
2291,4
22916,5
2292,3
2295,2
22958,5
2297,5
2298,3
2299,4
230,3
2300,4
2301,4
23063,5
23065,5
23066,5
2307,4
2308,4
231,3
2310,5
2311,4
2312,4
2313,5
2314,3
2315,3
23154,5
23155,5
2316,5
2317,5
2318,4
2319,4
2320,4
2321,4
23212,5
23217,5
2322,5
23222,5
2323,4
2324,4
2325,4
23255,5
2326,4
23265,5
23266,5
23268,5
23269,5
2327,4
23270,5
2328,4
23286,5
23287,5
23288,5
23289,5
2329,4
233,4
2330,4
23309,5
2331,4
23310,5
23311,5
23315,5
23316,5
23318,5
2332,4
23320,5
23326,5
2333,4
2335,5
23352,5
23353,5
23354,5
23355,5
23356,5
23357,5
23358,5
23359,5
2336,4
23360,5
23361,5
23362,5
23363,5
23364,5
2337,4
2338,5
23384,5
2339,5
234,3
2340,5
2341,4
2342,5
23426,5
23427,5
23428,5
2343,4
23439,5
2344,5
23440,5
23441,5
23442,5
23443,5
23444,5
23445,5
23446,5
23447,5
23448,5
23449,5
2345,5
23450,5
23451,5
2346,5
2347,5
2348,5
235,4
2350,5
2351,5
2352,5
2353,5
2354,5
2355,5
2356,4
2357,5
2358,4
2359,5
236,4
2360,5
23606,5
23607,5
2361,5
2362,5
2363,5
2364,5
2365,5
2367,5
2369,5
237,4
2370,5
2371,5
23712,5
2373,5
2374,5
23741,5
2376,5
2378,5
238,4
2389,4
239,4
2390,3
2391,3
2392,4
2393,4
2394,4
2395,5
2396,4
2398,4
2399,4
240,3
2402,4
2403,4
2404,5
2406,5
2407,5
2409,5
24090,5
24091,5
2410,4
2411,5
2413,5
2414,4
2418,4
2419,5
242,3
2420,4
2424,4
2425,5
2426,5
2427,5
2432,4
2433,5
2438,5
244,4
2440,5
2441,4
2442,4
2443,5
2444,5
2445,4
2446,5
2447,5
2448,4
2449,5
245,4
2450,5
2451,5
24510,5
24520,5
2453,5
24530,5
2454,5
2456,5
24566,5
24569,5
2457,5
24570,5
2459,5
24594,5
2460,5
24608,4
2462,5
2463,5
2467,5
2468,5
247,2
2470,5
24706,5
247070,5
2472,5
24721,5
24722,5
2474,5
2475,5
24754,5
24755,5
24757,5
24758,5
24759,5
2476,5
24760,5
24777,5
24797,5
24798,5
24799,5
248,4
2482,5
2485,5
249,3
24908,5
24909,5
2493,5
2496,5
24965,5
250,3
2500,5
25018,5
25019,5
2502,5
2504,5
2505,4
25064,5
25065,5
25066,5
25067,5
25068,5
25069,5
25070,5
251,3
25119,5
2517,5
2518,4
25191,5
25193,5
252,3
2523,4
2524,5
2525,5
2526,4
2527,4
253,4
2535,5
2536,5
2537,5
2539,4
254,3
2540,4
2541,4
2542,5
2543,5
2544,4
2545,5
2546,4
2548,4
2549,5
255,4
2550,5
2551,4
2552,5
2553,4
2554,4
2555,4
2556,5
2558,4
2559,5
256,3
2560,5
2562,4
2563,5
2564,4
2568,5
257,2
2572,4
2578,4
2579,4
258,3
2580,5
2581,4
2582,5
2583,4
2585,4
2586,4
2589,4
259,4
2592,4
2594,5
2596,4
2598,4
2599,4
260,3
2600,5
2604,5
2606,5
2608,5
261,3
2616,5
2618,4
2619,4
262,5
2620,5
2621,5
2622,5
2623,5
2626,4
263,4
2631,4
2632,5
2633,4
2637,4
2641,5
2642,4
2643,3
2644,4
2646,3
2649,5
2651,5
2653,4
2655,4
2656,3
2657,4
2658,4
266,3
2660,5
2661,5
2669,4
267,5
268,5
2682,5
2683,4
2688,4
269,5
2690,4
2691,4
2692,4
2693,4
2694,4
2697,4
2698,4
2699,3
270,5
2700,4
2702,5
2703,5
2706,5
2707,5
271,5
2713,5
2714,4
2716,4
2717,4
2718,5
2719,4
272,5
273,5
2733,4
2734,4
2736,5
2737,4
2738,4
2739,5
274,5
2741,4
2742,4
2743,5
2744,4
2745,5
2746,4
2747,4
2748,5
2749,5
275,5
2750,4
2751,5
2752,4
2753,5
2756,4
2757,5
2758,5
2759,4
276,5
2760,5
2761,4
2762,4
2763,4
2764,4
2765,5
2766,4
2767,3
2768,4
2769,4
277,5
2770,4
2771,5
2772,5
2773,5
2775,5
2776,4
278,5
2780,4
2781,5
2782,5
2783,5
2785,5
2786,4
2789,4
279,4
2791,5
2793,5
2794,5
2796,5
2797,5
280,4
2800,5
2801,5
2803,5
2804,5
2806,5
2807,4
2808,4
281,4
2810,4
2811,4
2813,4
2814,4
2815,5
2816,5
2817,5
2818,4
282,3
2825,4
2827,4
2829,5
283,4
2832,5
2838,5
284,4
2840,5
2847,5
285,5
2853,5
2854,5
2858,5
286,5
2863,5
2865,3
2867,4
2868,4
2869,4
287,4
2870,3
2871,4
2872,3
2873,4
2874,3
2875,3
2876,4
2877,4
2878,5
2879,4
288,4
2880,4
2881,5
2882,5
2883,5
2885,5
2886,5
2887,5
2888,5
2889,5
289,3
2890,5
2893,4
2894,4
2895,3
2896,4
2897,4
2898,4
2899,4
290,4
2900,3
2901,4
2902,4
2903,3
2904,3
2905,4
2907,4
2908,4
291,4
2915,5
2916,4
292,4
2925,5
2926,4
2928,4
2929,3
293,4
2930,4
2931,4
2932,2
2933,4
2934,3
2935,3
2936,3
2937,4
2938,3
2939,3
294,4
2940,3
2942,4
2943,4
2944,4
2945,4
2947,4
2948,5
295,4
2950,4
2951,4
2956,4
2958,4
2959,5
296,4
2961,4
2966,4
297,5
2971,4
2977,4
298,5
299,5
2990,4
2991,5
2992,4
2994,4
300,5
3009,5
301,5
3010,5
3011,5
3012,4
3019,5
302,4
3022,5
3025,5
3026,5
3027,5
303,4
3030,5
3032,5
304,5
3042,5
305,5
3051,5
306,4
3061,5
3065,5
3066,5
3069,5
307,4
3073,5
3075,5
308,5
3082,5
3089,5
309,5
3090,5
3091,5
3093,5
3094,5
3097,5
3098,5
3099,5
310,5
3100,5
3105,5
3107,5
3108,5
311,4
3110,5
3112,5
3113,5
3115,5
3117,5
3118,5
3119,5
312,5
3123,5
3125,5
3127,5
3129,5
313,5
3130,5
3131,4
3135,5
3136,5
3138,5
314,5
3140,5
3143,5
3145,5
3148,5
315,5
3151,5
3153,5
3158,5
3159,5
316,4
3162,5
3169,5
317,5
3170,5
3176,5
3177,5
3179,5
318,5
3181,5
3182,5
3185,5
3187,5
319,4
320,4
3200,4
3204,5
321,4
3214,5
3218,5
322,5
3220,5
3221,4
3224,5
3225,5
3227,5
3228,5
3229,5
323,4
324,4
3243,5
325,4
326,4
3267,5
327,3
328,4
329,3
3296,5
33,1
330,4
331,4
3313,5
3317,5
3319,5
332,4
3320,4
3321,5
3322,5
3323,5
3324,5
3325,5
3326,5
3327,5
3329,5
333,4
3330,5
3331,5
3332,5
3333,5
3334,5
3335,5
3336,5
3337,5
3338,5
3339,4
334,4
3340,5
3342,5
3344,5
3345,5
3346,5
335,4
3351,5
3352,5
3353,5
3355,5
3356,5
3358,5
3359,5
336,3
3360,5
3362,5
3363,5
3364,4
3367,5
3369,5
337,4
3370,5
3373,5
3376,5
3377,5
338,4
3380,5
3381,4
3382,5
3383,5
3384,5
3387,5
3388,5
3389,5
339,3
3390,5
3392,5
3393,5
3395,5
3396,4
3398,4
3399,4
34,1
340,4
3400,5
3401,4
3402,3
3403,3
3404,5
3405,5
3407,5
3408,4
3409,5
341,4
3411,5
3412,4
3413,4
3415,4
3416,4
3418,4
3419,4
342,5
3423,5
3424,5
3427,5
343,4
3435,5
3436,5
3437,5
3438,5
3439,5
344,4
3440,5
3441,5
3442,5
3443,5
3445,5
3447,5
3448,5
3449,4
345,4
3450,5
3451,5
3453,5
3454,5
3455,5
3456,5
346,4
3460,5
3462,5
3463,5
3464,5
3466,5
3468,5
3469,5
347,3
3470,5
3472,4
3473,5
3475,4
3476,5
3477,5
3478,4
3479,5
348,3
3482,5
3483,5
3484,4
3486,5
3487,4
3488,5
3489,5
349,3
3490,4
3491,3
3492,5
3493,4
3494,5
3495,5
3496,4
3498,4
3499,4
35,2
350,3
3500,5
3501,5
3502,4
3503,5
3504,5
3505,5
3506,5
3507,5
3508,5
351,5
3511,5
3514,5
3516,5
3517,5
3518,5
352,5
3522,5
3524,5
3525,5
3526,5
3528,5
3529,5
353,5
3530,5
3531,5
3532,5
3533,5
3534,5
3535,4
3536,5
3537,5
3538,5
3539,5
354,5
3540,5
3541,5
3542,5
3545,5
3546,5
3548,4
3549,4
355,5
3551,5
3552,4
3553,5
3554,4
356,5
3563,3
3564,4
3565,5
3566,5
3567,4
3568,5
3569,4
357,5
3570,5
3571,5
3573,3
3574,4
3575,3
3577,3
3578,4
3579,4
358,5
3580,5
3581,5
3583,3
3584,4
3587,5
3588,3
3589,3
359,5
3590,5
3591,5
3593,5
3594,5
3595,4
3596,5
3597,4
3599,4
36,2
3601,4
3602,4
3603,3
3605,5
3606,5
3607,5
3609,4
361,5
3610,5
3611,5
3612,5
3613,4
3615,3
3617,3
3619,3
362,5
3620,4
3624,5
3625,3
3627,3
3628,4
363,3
3630,3
3631,4
3632,3
3636,5
3637,4
364,4
3643,5
3644,5
3645,5
3646,5
3647,5
365,4
3652,5
3653,5
3654,5
3655,5
3656,5
3657,5
3658,5
366,4
3662,5
3663,5
3664,5
3665,4
3667,5
3668,5
3669,5
367,3
3670,4
3671,4
3672,5
3673,5
3674,4
3675,5
3677,5
3678,5
3680,5
3681,4
3682,5
3683,4
3684,4
3686,5
369,5
3695,5
37,4
370,4
3700,4
3701,4
3702,4
3703,5
3704,4
3705,4
3706,4
3707,4
3708,5
3709,5
371,4
3711,4
3713,4
3714,4
3715,4
3716,4
3717,4
3718,5
3719,4
372,3
3720,4
3722,4
3723,4
3724,4
3725,5
3726,4
3727,5
3728,5
3729,5
373,5
3730,4
3731,5
3733,4
3735,5
3736,4
3737,5
3738,5
3739,5
374,4
3740,5
3741,5
3742,5
3743,5
3744,5
3745,5
3746,5
3747,5
3748,5
3749,5
375,3
3750,5
3751,5
376,5
3764,5
3765,5
3767,5
377,4
3770,5
3774,5
3776,5
3777,5
3779,5
378,4
3785,5
3786,5
379,5
3791,5
3792,5
3793,5
3797,5
3798,5
38,3
380,5
3800,5
3803,5
3804,5
3807,5
3808,5
3810,5
3811,5
3812,5
3817,5
3819,5
382,5
3830,4
3831,5
3834,5
3835,5
3836,5
3839,5
384,5
3840,5
3841,5
3842,5
3843,5
3844,5
3845,5
3846,5
3847,5
3849,5
385,4
3850,5
3851,5
3853,5
3854,5
3855,5
3856,5
3857,5
3858,5
3859,5
386,5
3860,5
3861,5
3865,5
387,4
3870,5
3872,4
3874,4
3875,5
3876,5
388,5
3881,5
3882,5
3884,5
3886,5
389,5
3890,5
3892,5
3894,5
3898,5
39,2
3904,5
3905,5
391,4
3911,5
392,5
3930,5
394,4
3943,5
3947,5
395,4
396,4
3969,5
397,3
3972,5
3975,5
398,3
3982,5
3983,4
3984,5
3985,4
3988,5
3989,4
399,4
3990,4
3991,5
3992,4
3993,5
3995,5
3996,4
3998,4
3999,4
40,1
400,3
4000,4
4001,4
4003,4
4005,4
4007,4
4009,4
401,3
4010,4
4012,5
4015,4
4017,4
4019,5
402,4
4020,5
4021,4
4022,5
4024,5
403,4
404,4
4047,5
405,4
4052,5
406,3
4061,5
4062,5
4066,5
4068,5
407,3
408,4
4082,5
4087,5
409,4
4093,5
41,3
410,3
4100,5
4108,5
411,4
4112,5
4115,5
4116,5
4117,5
4119,5
412,4
4121,5
4122,5
4123,5
4124,5
4125,5
413,3
4130,5
4132,5
4133,5
4134,5
4135,5
4138,5
4139,5
414,4
4141,5
4142,5
4143,5
4144,5
4149,5
415,2
4152,5
4153,4
4159,5
416,4
4160,4
4165,5
4167,5
417,3
4172,5
4174,5
4176,5
4177,5
418,4
4182,5
4184,5
4186,5
4187,5
419,3
4191,5
4192,5
4194,5
4195,3
4196,5
4197,4
4199,4
42,1
420,4
4200,5
4201,5
4202,5
4203,5
4204,5
4205,5
4206,5
4207,4
4208,5
4209,4
421,4
4210,4
4211,5
4212,5
4213,5
4214,4
4215,4
4216,4
4217,4
4219,4
422,4
4220,4
4221,4
4222,5
4223,4
4224,4
4225,4
4226,5
4229,5
423,4
4232,5
4233,5
4235,5
4236,5
424,4
4241,5
4242,5
4243,5
4244,5
4247,5
4248,4
4249,5
425,4
4250,5
4251,5
4252,4
4253,5
4254,5
4255,5
4256,3
4257,4
4259,5
426,3
4260,5
4261,5
4262,5
4263,5
4265,4
4266,5
4268,4
4269,4
427,4
428,4
4291,5
4295,5
4297,5
4299,5
43,4
430,5
4302,5
4303,5
4304,5
4305,5
4306,5
4308,5
431,4
4310,5
4314,5
4315,5
4317,5
4318,5
4319,5
432,5
4321,5
4322,5
4323,5
4324,5
4326,5
4327,5
4328,5
4329,5
433,4
4331,5
4332,5
4333,5
4334,5
4338,5
434,3
4340,5
4345,5
4346,4
4348,5
435,2
4353,5
4354,5
4358,5
4359,4
436,3
4360,4
4361,5
4362,5
4363,5
4364,5
4366,5
4367,5
437,3
4370,5
4374,4
4375,5
4376,5
4377,5
4378,5
438,3
4381,5
4382,5
4383,5
4384,5
4385,5
4386,5
4387,5
4388,5
439,3
4392,5
44,2
440,4
441,3
4410,5
4411,5
4412,5
4415,5
4416,5
4417,5
4418,5
4419,5
442,3
4422,5
4424,5
4426,5
4428,5
4429,5
443,5
4430,5
4431,5
4433,5
4435,5
4436,5
4437,5
4438,5
4439,5
444,4
4440,5
4441,5
4446,5
4447,5
445,3
4450,5
4451,4
4452,5
4453,4
4456,5
4457,5
4458,5
4459,5
446,3
4462,5
4463,5
4464,5
4465,5
447,4
4470,5
4473,5
448,4
4481,4
4482,5
4483,5
4486,4
4488,4
4489,5
449,3
4490,5
4491,5
4492,5
4495,4
4497,5
4499,5
45,2
450,3
4500,4
4501,4
4502,5
4503,5
4505,4
4506,5
4507,4
4508,4
4509,5
451,3
4510,4
4511,5
4512,5
4514,5
4516,5
4517,5
4519,5
452,3
4520,5
4521,5
4522,5
4525,5
4527,5
4529,5
453,3
4531,5
4532,5
4533,5
4534,5
4535,5
4536,5
4537,5
4538,5
4539,5
454,4
4544,5
4547,5
455,3
4551,5
4552,5
4553,5
4554,4
4558,4
456,3
4560,5
4562,4
4563,4
4564,4
4566,5
4567,4
4569,4
457,3
4570,4
4571,5
4572,5
4573,5
4575,5
4576,5
4577,5
4578,5
458,3
4583,5
4585,5
4588,5
4589,5
459,4
4591,5
4593,5
4596,5
4597,5
46,2
460,3
4602,5
4603,5
4605,5
4607,5
461,4
4610,5
4612,5
4614,5
4615,5
4616,5
4617,5
4619,5
462,4
4620,5
4622,5
4625,4
4626,4
4627,5
4628,5
4629,5
463,4
4633,4
464,4
4640,5
4641,5
4643,5
4644,5
4645,5
4647,5
4648,5
465,4
4657,4
4658,4
4659,4
466,4
4660,4
4661,5
4662,4
4665,3
4666,5
4667,5
4668,4
4669,5
467,5
4671,5
4676,4
4677,5
4678,5
4679,5
468,5
4680,5
4684,5
4685,5
4686,4
4687,5
4689,5
469,4
4692,5
4694,5
4695,5
4699,5
47,1
470,4
4700,5
4701,5
4702,5
4703,5
4704,5
4707,5
4708,5
471,5
4711,5
4714,4
4715,5
4716,3
4718,5
472,4
4724,4
4725,5
4726,5
4727,5
473,4
4731,5
4733,5
4737,5
474,4
4744,4
475,5
4750,5
4751,5
4755,5
4757,5
4758,5
476,4
4764,5
4769,5
4773,5
4775,5
4776,5
4778,5
478,3
4782,5
4787,5
479,4
4792,5
4796,5
4799,4
48,1
480,4
4801,4
4804,5
4805,5
4808,5
4809,5
481,5
4814,4
4816,5
482,4
4827,5
4828,5
4829,5
483,5
484,4
4845,5
485,4
4850,5
4859,5
4864,5
487,1
4872,5
488,2
4882,5
489,1
4896,5
49,1
490,2
4904,5
4905,4
4906,4
4907,4
4909,5
4912,4
4913,5
4915,5
4918,5
492,1
4920,5
4921,5
4922,5
4924,5
4925,5
4928,5
4929,5
493,4
4935,5
494,1
4942,5
4945,5
4947,5
495,2
4951,5
4952,5
4954,5
4957,5
4959,5
496,1
4961,5
4964,5
4965,5
4966,5
497,1
4972,5
4979,5
498,3
4981,5
4983,5
499,1
4990,4
4993,4
4996,5
50,1
500,1
5004,5
5009,5
501,4
5010,5
5012,5
5013,5
5014,5
5017,5
5019,5
502,1
5020,5
5024,5
5025,5
5027,5
503,1
5031,5
504,2
5046,4
505,1
5050,4
5056,4
506,4
5062,5
5066,5
507,4
5071,5
5073,5
5078,5
508,4
5082,5
5083,5
5087,5
5089,5
509,3
51,1
510,3
5102,5
5104,5
511,2
5111,4
5113,5
512,2
5123,5
513,5
5130,5
5138,5
5139,5
514,3
5143,5
5145,5
5147,5
515,3
516,4
517,2
5171,5
5172,5
5173,5
5175,5
5176,5
5177,5
5179,5
518,3
5180,5
5183,5
5184,5
5185,5
5186,5
5188,5
5189,5
5190,5
5191,5
5192,5
5193,5
5198,5
5199,5
52,1
520,2
5200,5
5201,5
5203,5
5205,5
5206,5
5207,5
5209,5
521,5
5210,5
5211,5
5213,5
5214,5
5215,5
5217,5
5218,5
522,4
5220,5
5221,5
5223,5
5224,5
5225,5
5226,5
5227,5
5229,5
523,2
5230,5
5231,5
5233,5
5234,5
5237,5
5238,5
5239,5
524,4
5242,5
5243,5
5244,5
5245,5
5246,5
5247,5
525,4
5251,5
5253,5
5254,3
5256,5
5257,5
5258,5
5259,5
526,5
5262,3
5263,5
5264,5
5265,5
5266,5
5267,5
5268,5
527,4
5273,5
5274,5
5275,5
5277,5
5279,5
528,5
5280,5
5281,5
5282,5
5283,5
5285,5
5287,5
5288,5
5289,5
529,1
5290,5
5293,5
5294,5
5296,5
5297,5
5298,5
5299,5
53,4
530,1
5300,5
5301,5
5302,5
5303,5
5305,5
5306,5
5307,5
5308,5
5309,5
531,1
5310,5
5311,5
5312,5
5314,5
5317,5
5318,5
532,2
5320,5
5321,5
5322,5
5323,5
5327,5
5328,5
5329,5
533,1
5330,5
5334,5
5335,5
5336,5
5337,5
5338,5
5339,5
534,2
5340,5
5341,5
5342,5
5343,5
5344,5
5345,5
5346,5
5348,5
5349,5
535,3
5350,5
5351,5
5352,5
5353,5
5354,5
5355,5
5357,5
5359,5
536,2
5361,5
5363,5
5365,5
5366,5
5367,5
5369,5
537,2
5370,5
5371,5
5375,5
5376,5
538,2
5380,5
5384,4
5385,5
5387,5
5389,5
539,2
5391,5
5392,5
5394,5
5396,5
5397,5
5398,5
5399,5
54,4
540,2
5400,5
5401,5
5405,5
5406,5
5407,5
5409,5
541,1
5410,5
5411,5
5412,5
5413,5
5415,5
5416,5
5419,5
542,2
5420,5
5421,5
5422,5
5425,5
5426,5
5429,5
543,1
5431,5
544,3
545,2
5451,5
5453,5
5454,5
5455,5
5456,5
5457,5
5458,5
5459,5
546,2
5460,5
5464,5
5465,5
5467,5
5468,5
547,2
5479,5
548,1
5480,5
5481,5
5482,5
5483,5
5485,5
5486,5
5487,5
5488,5
549,3
5490,5
5492,5
5495,5
5499,5
55,2
550,2
5500,5
5503,4
5504,5
551,3
5511,5
552,4
553,3
554,2
555,2
5551,5
5552,5
5553,5
5554,5
5555,5
5556,5
5557,5
556,4
5560,5
5566,5
5570,5
5573,5
558,2
5580,5
5581,5
5582,5
5584,5
559,3
5590,5
5592,5
5593,5
5597,5
5598,5
56,3
560,3
5602,5
5603,5
5608,5
5609,5
561,2
5614,5
5615,5
5616,5
562,4
5622,5
5624,5
5627,4
563,4
5632,5
5635,5
5636,5
5638,5
5639,5
564,3
5641,5
5643,5
5644,5
5645,5
5647,5
5648,4
565,3
5652,5
5657,5
566,3
5665,5
567,3
5679,5
568,4
5682,5
5684,5
5686,4
5688,5
569,2
5695,4
57,2
5705,5
5706,5
5707,5
571,2
5713,5
5714,5
5716,5
5717,5
572,2
5720,5
5722,5
5725,5
573,3
5730,4
5734,5
5737,5
574,5
5740,5
5747,5
575,3
5751,5
5759,5
576,4
5760,5
5767,5
5768,5
577,5
5770,5
5776,5
5778,5
578,5
5787,5
579,5
5791,5
5795,5
58,3
580,5
5803,5
5805,4
5806,5
581,5
5812,5
5814,5
5815,5
5817,5
582,5
5825,5
5829,5
583,5
5832,5
5836,5
5839,5
584,5
5843,5
5847,5
586,4
5862,5
5864,5
587,5
5872,5
588,4
5884,5
5886,5
5888,5
5894,5
59,3
5902,4
5906,5
591,5
5914,5
5917,5
5925,5
5927,5
593,5
5931,5
5934,5
5942,5
5947,5
5951,5
5955,5
5957,5
596,2
5964,5
5966,5
597,2
5970,5
598,3
5982,5
5985,5
5989,5
599,3
5990,5
5991,5
60,3
600,4
6001,5
6003,5
6004,5
6006,5
6009,4
601,3
6012,5
6013,5
6018,5
602,4
6021,5
6024,5
6026,5
6027,5
6028,5
603,4
6033,5
6038,5
604,3
6040,5
6042,5
6046,5
605,5
6052,5
6057,5
606,3
6064,5
6065,5
6068,5
607,3
6075,5
608,2
6087,5
609,4
61,4
610,4
611,2
612,5
6129,5
614,3
615,5
616,3
6160,5
6164,5
617,3
6175,5
618,3
6181,4
6186,4
619,3
6192,5
6195,5
62,2
620,2
621,2
6214,4
6215,3
6216,5
6217,5
6218,5
6219,4
6220,4
6221,5
6222,4
6224,3
6225,5
6226,5
6227,5
6229,5
6230,4
6231,4
6232,4
6236,5
6239,5
624,4
6241,5
6246,4
625,4
6251,5
6252,5
6253,5
6254,4
6255,4
6256,4
626,5
6260,5
6263,5
6269,5
627,4
6279,5
628,3
6281,5
6286,5
6287,5
6290,5
63,2
630,4
6304,5
6307,5
631,2
632,3
6326,5
6338,5
6339,5
634,4
6340,5
6341,5
6342,5
6343,4
6346,5
635,4
6355,5
6358,4
6362,5
6367,5
6369,5
637,2
6378,5
6379,5
638,5
6380,5
6381,5
6383,5
6384,5
6386,5
6387,5
6390,5
6392,5
6399,5
64,3
640,4
6401,5
6402,5
6407,5
6408,5
6410,5
6411,5
6413,5
6415,5
6417,5
642,5
6421,5
6422,5
6424,5
6425,5
6426,5
6427,5
6428,5
6429,5
6430,5
6432,5
6434,5
6435,5
6437,5
644,3
6445,5
645,2
6459,5
646,3
6465,5
6479,5
648,4
6483,5
6486,4
6487,4
6489,3
649,4
6493,4
6494,5
6495,4
6496,3
65,2
650,4
6501,3
6506,5
6507,5
651,3
6511,5
6517,5
652,5
6523,5
6526,5
6529,5
653,5
6537,5
6538,5
654,4
6546,5
655,4
6552,5
6557,5
656,4
657,4
6572,5
6578,5
658,5
6585,5
659,5
66,1
660,4
661,5
6614,5
6615,5
6616,5
6617,5
6618,5
662,5
6621,5
6622,5
6623,5
6625,5
6628,5
6629,5
663,4
6630,5
6631,5
6638,5
664,4
6640,5
6646,5
665,5
6650,5
6652,5
6653,4
6654,4
666,5
6663,5
667,5
668,5
6682,5
6687,5
669,5
6692,5
6697,4
6698,5
6699,5
67,3
670,5
6700,5
6701,5
6702,5
6703,5
6705,5
6706,5
6708,5
6718,5
672,5
6729,5
673,5
6731,5
674,5
6744,5
675,4
6756,5
6757,5
6758,5
6759,5
6760,5
6762,5
6763,5
6764,5
6765,5
6766,5
6767,5
6768,5
6769,5
677,4
6771,5
6773,5
6777,5
6778,4
678,5
6781,5
6784,5
6785,5
6786,3
6787,4
6788,5
679,4
6790,5
6791,4
6794,5
6795,5
6796,5
6798,5
68,4
680,5
6801,4
6802,5
6804,5
6807,5
6809,5
6810,5
6811,5
6812,5
6813,3
6814,5
6815,5
6817,5
6818,5
6819,5
682,5
6822,4
6823,5
6825,5
6826,5
6827,5
6829,5
683,4
6830,5
6831,5
6833,5
6834,5
6837,5
684,5
6842,5
685,4
6852,5
6853,5
6861,5
6863,5
687,4
6875,5
6878,5
688,5
6886,4
689,4
6891,5
6892,5
6899,5
69,4
6908,5
691,4
6910,5
6911,5
6916,4
692,4
6925,5
6927,5
6928,5
693,5
6936,5
6939,5
694,4
6941,5
6942,5
6945,5
6947,5
6950,5
6951,5
6953,4
6954,5
6957,5
6958,5
696,5
6960,5
6962,4
6963,5
6964,5
6965,5
697,5
6970,5
6976,5
6978,5
698,5
6982,5
6985,5
699,3
6992,5
6993,5
70,3
700,5
7001,5
7004,5
7006,5
7007,5
701,5
7012,5
702,3
7028,5
703,5
7033,5
7040,5
7043,5
705,4
7052,5
7056,5
7059,5
7060,5
7061,5
7064,5
7068,5
7075,5
7076,5
7078,5
708,4
7083,5
7087,5
709,4
7096,5
7098,5
7099,5
71,3
7105,5
7108,5
711,4
7111,5
7112,5
7117,5
7123,5
7127,5
7129,5
713,3
7135,5
7137,5
7138,5
714,5
7145,5
7149,5
715,2
7150,5
7151,5
716,4
717,5
7177,4
718,3
719,3
72,3
720,2
7207,5
722,3
723,3
7239,5
724,3
725,5
726,2
7266,5
7268,5
727,2
7270,5
7274,5
728,2
7281,5
7282,5
7288,5
7291,5
7296,5
7297,5
73,4
7304,5
7307,5
7309,5
731,3
7315,5
7319,5
732,3
733,3
7334,5
7337,5
734,3
7347,5
7348,5
7349,5
735,3
7350,5
7356,5
7358,5
736,3
7361,5
7369,5
7374,5
7379,4
738,4
7381,5
739,4
7392,5
7393,5
7394,5
7395,5
7396,5
7398,5
7399,5
74,4
740,2
7401,5
7402,4
7403,5
7406,5
7407,5
7408,5
7409,5
741,3
7411,4
7415,5
742,2
7420,5
7421,5
7425,5
7428,5
7429,5
7431,5
7432,5
7433,5
7434,5
7435,5
7436,5
7438,5
7439,5
744,4
7441,5
7445,5
7448,5
745,4
7450,5
7452,5
7454,5
746,4
7466,4
7469,5
747,4
7471,5
748,5
7488,5
7490,5
7492,5
7493,5
7498,5
75,3
750,5
7500,5
7502,5
7504,5
7505,5
7507,5
751,5
7510,5
7511,4
7513,4
7515,5
7516,5
7519,5
7520,4
7521,5
7522,5
7527,5
7536,5
754,5
755,5
756,5
7569,5
757,5
7573,5
7574,5
7577,5
758,5
759,4
7598,5
76,3
7612,5
7615,5
7616,5
7619,5
762,3
7631,5
7639,5
764,5
765,5
7656,5
7658,5
766,4
7690,5
7693,5
7695,5
77,3
7700,5
7706,5
7708,5
7709,5
7714,5
7715,5
7716,5
7723,5
7726,5
7727,5
7728,5
7731,5
7732,5
7734,5
7735,5
7737,5
7740,5
7743,5
7744,5
7745,5
7746,5
7750,5
7751,5
7752,5
7753,5
7756,5
7757,5
7761,5
7763,5
7765,5
7766,5
7768,5
7770,5
7771,5
7772,5
7773,5
7774,5
7775,5
7779,4
7780,5
7782,5
7784,5
7785,5
7787,5
7788,5
779,3
7793,5
7798,5
78,5
780,4
7802,5
7808,5
781,3
7814,5
7815,5
782,4
7821,5
7822,5
7823,5
7824,5
7826,5
7828,5
7829,5
783,3
7831,5
7832,5
7833,5
7834,4
7835,5
7837,5
7838,5
784,5
7847,5
7848,4
7849,5
785,3
7852,5
7858,5
786,4
7861,5
7862,5
7864,5
7865,5
7867,5
7868,5
7871,5
7876,5
7878,5
7879,5
789,5
79,1
794,3
797,3
798,2
799,3
80,1
800,5
8003,5
8004,5
8005,5
8008,5
8009,5
801,3
8010,5
8011,5
8012,5
8013,5
8015,5
8017,5
8019,5
8020,5
8022,5
8023,5
8026,5
8027,5
8030,5
8031,5
8033,5
8035,5
804,5
8040,5
8041,5
8049,5
805,5
8053,5
8057,5
8060,5
8061,5
8062,5
8064,5
8066,5
8067,5
8069,5
8070,5
8071,5
8072,5
8074,4
8076,5
8077,5
8078,5
8079,5
8082,5
8086,5
8089,5
809,5
8090,5
8092,5
8093,5
8097,5
8099,5
81,1
810,3
8104,5
8105,5
8107,5
811,4
8111,5
8112,5
8114,5
812,5
813,5
814,5
8146,5
8147,5
815,4
8151,5
8157,4
816,4
8160,5
818,5
819,5
82,2
820,5
821,5
822,4
823,4
824,5
8255,5
8258,5
8259,5
826,5
827,5
8271,5
828,5
829,5
83,2
830,4
832,5
8326,5
833,4
8332,4
834,4
836,3
8366,5
837,4
8372,5
8375,4
8376,5
8377,5
8379,4
84,1
840,4
844,4
8461,5
848,4
849,4
85,1
850,5
8504,5
851,3
8514,5
8523,5
8528,4
853,3
8530,5
8532,5
8536,5
8537,5
8539,5
854,4
8540,5
8541,5
8543,5
8548,5
8549,5
855,4
8550,5
856,4
8561,5
8562,5
8563,5
8564,5
8566,5
8568,5
857,4
8570,5
8571,5
8572,5
8574,5
8575,5
8576,5
8578,5
858,4
8580,5
8584,5
859,4
8593,5
8597,5
8599,5
8601,5
8603,5
8605,4
861,5
8615,4
8618,5
8619,5
8621,5
863,4
8634,5
8635,5
8641,5
8642,5
8645,5
8648,5
865,5
8653,5
8654,5
8655,5
8656,5
8657,5
8659,5
866,5
8660,5
8662,5
8663,5
8664,5
8665,5
867,2
87,3
870,5
875,5
876,5
877,5
878,4
879,5
88,3
880,3
884,4
885,5
889,5
89,4
8928,5
895,2
898,5
899,3
90,3
901,4
9016,5
9019,5
902,3
9022,5
9025,5
9026,5
9029,5
903,5
9030,5
904,4
9043,4
905,4
906,4
907,4
9073,5
908,5
909,4
91,1
910,4
911,4
9111,5
9113,5
9114,5
9115,5
9116,5
9117,5
9118,5
9123,5
9127,5
913,5
9130,5
9132,5
9133,5
9136,4
9137,5
9138,5
9139,4
914,4
9140,4
915,4
9160,5
9161,5
9162,5
9164,5
9165,5
9166,5
9167,5
9172,5
9173,5
9174,5
9175,5
9177,5
9178,5
918,4
9182,5
9188,5
9189,5
919,5
9190,5
9192,5
9195,5
9198,5
9199,5
92,4
9201,5
9203,5
9214,5
922,5
9237,5
9238,5
924,5
9246,5
9254,5
9255,5
9257,5
9261,5
9263,5
9264,5
9268,5
927,5
9272,5
9274,5
9275,5
9288,5
9293,5
93,1
930,5
9303,5
9304,5
9309,5
931,4
9311,5
9313,5
9320,5
9321,5
9323,5
9325,5
9326,5
9327,5
9329,5
9330,5
9331,5
9333,5
9334,5
9335,5
9336,5
9337,5
9338,5
9339,5
934,5
9342,5
9343,5
9345,5
9347,5
9349,5
935,5
9350,5
9351,5
9354,5
9355,5
9358,5
9359,5
936,5
9360,5
9361,5
9362,5
9365,5
9366,5
9367,5
937,5
9370,5
9372,5
9375,5
938,5
9380,4
9381,5
9383,5
9384,5
9385,5
9386,5
9387,5
9388,5
939,4
9390,4
9392,5
9393,5
9394,5
9395,5
9396,5
9397,5
9398,5
94,1
940,5
9400,5
9401,5
9403,5
9404,5
9405,5
9407,5
9408,5
9409,3
941,4
9410,5
9411,5
9412,5
9413,5
9414,5
9416,5
9417,5
9418,5
9419,5
942,4
9425,5
9426,5
943,4
944,4
945,4
946,5
9465,5
9469,5
947,5
9472,5
9479,5
948,4
949,4
95,1
9510,5
9514,5
953,4
9534,5
9537,5
9539,5
9549,5
955,4
9556,5
956,4
9568,3
9569,4
957,4
9578,5
9580,3
9581,5
9583,5
9586,5
9588,5
9593,5
9596,5
9597,5
96,2
9600,5
9601,5
9604,5
9605,5
961,5
9612,5
9615,5
9617,5
9618,5
962,4
9627,5
9631,5
9632,5
964,4
9648,5
965,4
9650,5
9651,5
9657,5
967,4
968,4
9681,5
9683,5
9686,5
9687,5
9688,5
969,4
9692,3
9699,5
97,2
970,5
971,5
9712,5
9714,5
9717,5
9719,5
972,5
9722,5
9723,5
9724,5
9728,5
973,4
9736,5
974,4
9742,5
9744,5
9745,5
9747,5
9749,5
975,4
9751,5
9756,5
976,4
9764,5
9767,5
9769,5
977,4
9771,5
9776,5
9781,5
9782,5
9785,5
9789,5
979,5
9791,5
9797,5
9799,5
98,3
980,4
9804,5
981,4
9811,5
9815,5
982,5
9823,5
9826,5
9827,5
983,4
9833,5
984,5
985,5
986,4
9860,5
9868,5
987,5
988,4
989,4
9899,5
99,3
990,4
9900,5
9901,5
9905,5
9907,5
9908,5
991,4
9910,5
9915,5
992,4
9927,5
993,5
9930,4
9932,5
994,3
995,5
996,3
9964,5
9968,5
997,3
9973,5
998,3
9983,5
999,4
9995,5
9996,5
9997,5
9998,5
9999,5
